{"histograms": {"hispanic_or_latino": {"pct_hispanic_or_latino": {"bin_counts": [33, 44, 65, 77, 52, 59, 48, 31, 24, 8], "bin_edges": ["0.1", "0.2", "0.3", "0.4", "0.5", "0.6", "0.7", "0.8", "0.9", "1.0"], "entropy": 2.1912744851343136}}, "language": {"pct_linguistic_isolation": {"bin_counts": [266, 87, 47, 23, 5, 9, 2, 0, 1, 1], "bin_edges": ["0.06", "0.11", "0.17", "0.22", "0.28", "0.33", "0.39", "0.45", "0.5", "0.56"], "entropy": 1.2000974064560521}}, "veteran_status": {"pct_veteran": {"bin_counts": [29, 85, 145, 134, 45, 12, 3, 1, 1, 1], "bin_edges": ["0.04", "0.08", "0.13", "0.17", "0.21", "0.25", "0.29", "0.33", "0.38", "0.42"], "entropy": 1.610149848069617}}, "race": {"pct_white_not_latino": {"bin_counts": [43, 46, 51, 58, 61, 76, 61, 36, 6, 3], "bin_edges": ["0.1", "0.2", "0.3", "0.4", "0.5", "0.6", "0.7", "0.8", "0.9", "1.0"], "entropy": 2.1262482045836886}}, "poverty": {"pct_below_100pc": {"bin_counts": [62, 92, 107, 69, 46, 33, 20, 7, 2, 3], "bin_edges": ["0.06", "0.12", "0.18", "0.25", "0.31", "0.37", "0.43", "0.49", "0.55", "0.61"], "entropy": 1.9308740895637946}}, "household_size": {"pct_live_alone": {"bin_counts": [209, 194, 29, 7, 1, 0, 0, 0, 0, 1], "bin_edges": ["0.1", "0.2", "0.3", "0.4", "0.5", "0.6", "0.7", "0.8", "0.9", "1.0"], "entropy": 0.98749092616810208}}, "population": {"population_density": {"bin_counts": [254, 50, 39, 46, 30, 22, 12, 2, 0, 1], "bin_edges": ["1106.03", "2212.07", "3318.1", "4424.13", "5530.17", "6636.2", "7742.23", "8848.27", "9954.3", "11060.33"], "entropy": 1.4682724320714176}}}}